study_id,first_author,year,title,journal,volume_pages,pmid,doi,pmcid,institution,city_province,recruitment_period,n_SACC,n_NSACC,n_total,species,design,outcomes_reported_in_abstract,overlap_group,analysis_set,eligibility_status,verification_ids,verification_numbers,notes
Zheng2023,Zheng N,2023,"Changing trends, clinicopathological characteristics, surgical treatment patterns, and prognosis of schistosomiasis-associated versus non-schistosomiasis-associated colorectal cancer: a large retrospective cohort study of 31 153 cases in Shanghai, China (2001-2021)",Int J Surg,109(4):772-784,36999800,10.1097/JS9.0000000000000293,PMC10389396,"Dept of Colorectal Surgery, Changhai Hospital, Naval Medical University",Shanghai,2001-01 to 2021-12,823,30330,31153,S. japonicum presumed (calcified eggs in colorectal tissue; Shanghai),"Retrospective single-centre cohort (registry 31,153; CRC database 16,963; survival 6,537)",Trends; clinicopathological features; comorbidity; KRAS; multiple primary CRC; concomitant polyps; surgical patterns; OS; DFS (schistosomiasis not independent predictor of OS/DFS in multivariable analysis),G1-Shanghai-Changhai,Primary comparative,Included,PMID/DOI/PMCID confirmed (PubMed esummary),Full text read 2026-10-05 (PMC10389396 + LWW SDC 2-9),Overlap with Genomic2023 (Changzheng Hospital; different hospital; 2014-2020) judged negligible. Adjusted OS HR not reported (schistosomiasis not retained by stepwise model).
WangZ2020,Wang Z,2020,Comparison of the clinicopathological features and prognoses of patients with schistosomal and nonschistosomal colorectal cancer,Oncol Lett,19:2375-2383,32194737,10.3892/ol.2020.11331,PMC7039146,"Dept of Infectious Diseases, Yijishan Hospital of Wannan Medical College","Wuhu, Anhui",2012-01 to 2018-12,253,2885,3138,S. japonicum presumed (eggs in intestinal tissue),Retrospective cohort,Age; sex; faecal occult blood; pT stage; CA19-9; WBC; RBC; PLT; 5-year survival,G2-Wuhu-Yijishan,Primary comparative,Included,PMID/DOI/PMCID confirmed,Full text read 2026-10-05 (PMC7039146),Survival only for 43 vs 57 patients treated 2012-2013 (HR derived from log-rank P). Overlaps Yang2023 (2015-2018).
WangW2020,Wang W,2020,Comparison of non-schistosomal colorectal cancer and schistosomal colorectal cancer,World J Surg Oncol,18:149,32611359,10.1186/s12957-020-01925-5,PMC7330999,"Qingpu Branch of Zhongshan Hospital, Fudan University",Shanghai (Qingpu),2008-01 to 2016-08,137,214,351,"S. japonicum presumed (eggs on H&E, two blinded pathologists)",Retrospective cohort (resected CRC),Age (older in SACC); other clinicopathological features; OS (KM P=0.0277; schistosomiasis independent predictor in multivariable model); subgroup by stage/LN,G3-Shanghai-Qingpu,Primary comparative,Included - index study of G3,PMID/DOI/PMCID confirmed,Full text read 2026-10-05 (PMC7330999),"Parent cohort (351) of WangW2021 (338), WangW2023 (349), Pan2020 (354), Cheng2023 (351), Chai2026 (286) - same hospital and period confirmed in each full text."
WangW2021,Wang W,2021,Correlation between schistosomiasis and CD8+ T cell and stromal PD-L1 as well as the different prognostic role of CD8+ T cell and PD-L1 in schistosomal-associated colorectal cancer and non-schistosomal-associated colorectal cancer,World J Surg Oncol,NR,34743724,10.1186/s12957-021-02433-w,PMC8573878,"Dept of Pathology, Qingpu Branch of Zhongshan Hospital, Fudan University",Shanghai (Qingpu),2008-01 to 2016-08,128,210,338,S. japonicum (to verify),Retrospective cohort,CD8+ TIL; tumoural/stromal PD-L1; OS (schistosomiasis independent predictor),G3-Shanghai-Qingpu,Primary comparative (biomarker/OS only if not superseded),Included - biomarker data only (G3 overlap),PMID/DOI/PMCID confirmed,Full text read 2026-10-05 (PMC8573878),NR
WangW2023,Wang W,2023,Comparison of the prognostic value of stromal tumor-infiltrating lymphocytes and CD3+ T cells between schistosomal and non-schistosomal colorectal cancer,World J Surg Oncol,NR,36726115,10.1186/s12957-023-02911-3,PMC9890788,"Dept of Pathology, Qingpu Branch of Zhongshan Hospital, Fudan University",Shanghai (Qingpu),2008-01 to 2016-08,137 (126 with IHC),212 (188 with IHC),349,S. japonicum (to verify),Retrospective cohort,sTILs; CD3; CD20; clinicopathological features (no significant SACC vs NSACC differences per abstract); OS,G3-Shanghai-Qingpu,Primary comparative (immune markers only),Included - biomarker data only (G3 overlap),PMID/DOI/PMCID confirmed,Full text read 2026-10-05 (PMC9890788),NR
Pan2020,Pan W,2020,The prognostic role of c-MYC amplification in schistosomiasis-associated colorectal cancer,Jpn J Clin Oncol,50(4):446-455,32297641,10.1093/jjco/hyz210,PMC7160914,"Zhongshan Hospital, Fudan University / Qingpu Branch (co-authors overlap with G3)",Shanghai,2008-01 to 2016-08,138,216,354,S. japonicum (to verify),Retrospective cohort,"c-MYC amplification (14.1%, 50/354 overall); association with age, LN metastasis, stage; OS by schistosomiasis subgroup",G3-Shanghai-Qingpu,Molecular evidence table; within-SACC prognostic,Included - biomarker data only (G3 overlap),PMID/DOI/PMCID confirmed,Full text read 2026-10-05 (PMC7160914),NR
Cheng2023,Cheng M,2023,"The predictive value of CD4, CD8, and C-reactive protein in the prognosis of schistosomal and non-schistosomal colorectal cancer",BMC Gastroenterol,23:194,37277702,10.1186/s12876-023-02834-z,PMC10240683,"Qingpu Branch of Zhongshan Hospital, Fudan University",Shanghai (Qingpu),2008-01 to 2016-08,137,214,351,S. japonicum presumed (eggs on H&E),Retrospective cohort,"Stromal/intratumoural CD4, CD8; CRP; OS (schistosomiasis independent predictor)",G3-Shanghai-Qingpu,Primary comparative (immune markers only),Included - biomarker and within-SACC data only (G3 overlap),PMID/DOI/PMCID confirmed,Full text read 2026-10-05 (PMC10240683),Same 351 patients as WangW2020.
Li2024,Li X,2024,"Schistosoma infection, KRAS mutation status, and prognosis of colorectal cancer",Chin Med J (Engl),137(2):235-237,37920960,10.1097/CM9.0000000000002905,PMC10798728,"Dept of Pathology, Union Hospital, Tongji Medical College, Huazhong University of Science and Technology","Wuhan, Hubei",2010-01 to 2019-06,30,459,489,"S. japonicum presumed (intact/calcified eggs, granulomas or adult worms on histology)",Retrospective cohort (research letter),KRAS G12S/D (qPCR); OS (univariable HR reported),G4-Wuhan-Union,Primary comparative,Included,PMID/DOI/PMCID confirmed,Full text read 2026-10-05 (PMC10798728 + SDC PDF CM9/B784),Research letter; full Cox models in SDC Tables S2-S3. Main text says metastatic disease excluded but Table S1 lists 66 stage IV.
Zhang2023,Zhang F,2023,"Conjoint analysis of clinical, imaging, and pathological features of schistosomiasis and colorectal cancer",Pathol Oncol Res,NR,38099242,10.3389/pore.2023.1611396,PMC10719402,"Dept of Radiology, Jingzhou Hospital Affiliated to Yangtze University","Jingzhou, Hubei",2020-01 to 2022-12,101,240,341,S. japonicum presumed (eggs on post-operative pathology),Retrospective cohort,Sex; TNM stage; LN metastasis; nerve invasion; vascular tumour thrombus; differentiation; CT calcification; CA-125,G5-Jingzhou,Primary comparative,Included (G5: used only for LN metastasis and perineural invasion),PMID/DOI/PMCID confirmed,Full text read 2026-10-05 (PMC10719402),Same hospital and period as Zhu2024 (shared author Zhu Y): overlap confirmed.
Zhu2024,Zhu Y,2024,A retrospective cross-sectional study: comparison of the clinicopathological features of schistosomal and non-schistosomal colorectal cancer in Central China,BMC Infect Dis,24:732,39054428,10.1186/s12879-024-09648-8,PMC11271061,"Department of Pathology, Jingzhou Hospital Affiliated to Yangtze University","Jingzhou, Hubei",2020-01 to 2022-08,95,406,501,S. japonicum presumed (calcified eggs on H&E),Retrospective cross-sectional,Age >60; site (rectum/sigmoid); T stage; comparison with Yangtze basin literature,G5-Jingzhou,Primary comparative,Included - index study of G5,PMID/DOI/PMCID confirmed,Full text read 2026-10-05 (PMC11271061),LN-metastasis row has inconsistent denominators; 'T stage' row inconsistent with its P value (infiltrative-depth row used).
WangM2014,Wang M,2014,Prognostic analysis of schistosomal rectal cancer,Asian Pac J Cancer Prev,15(21):9271-9275,25422211,10.7314/apjcp.2014.15.21.9271,NR,"Dept of Gastroenterological Surgery, West China Hospital, Sichuan University","Chengdu, Sichuan",NR,30,30,60,S. japonicum (to verify),"Retrospective matched (age, sex, stage) cohort; laparoscopic TME",OS; DFS (schistosomiasis independent factor in multivariable analysis),G6-Chengdu-WestChina,Primary comparative - survival only (matching on stage invalidates stage/sex/age comparisons),Potentially eligible - full text not retrieved,PMID/DOI matched,Abstract only (PubMed); no HR in abstract,"APJCP full text hosted on KoreaScience/WAOCP (not reachable). Matched on age, sex and stage: survival only."
NCG1986,National Cooperative Group on Pathology and Prognosis of Colorectal Cancer,1986,[Schistosomiasis and its prognostic significance in patients with colorectal cancer],Zhonghua Zhong Liu Za Zhi,8(2):149-151,3021419,NR,NR,Multicentre (national cooperative group),China (multi-province),NR,430,NR,NR,S. japonicum (presumed; verify),Multicentre retrospective cohort (Chinese language),5-year survival lower in SACC; regional LN immune response; infiltrating growth pattern,G7-national-historical,Primary comparative (if comparator data extractable),Potentially eligible - Chinese full text not retrieved,PMID matched,Abstract only,Secondary citations (Li 2024; Feng 2015) give 5-y OS 45.6% (196/430) vs 50.9% (1383/2717); Zheng 2023 cites different figures - primary report needed.
Madbouly2007,Madbouly KM,2007,Colorectal cancer in a population with endemic Schistosoma mansoni: is this an at-risk population?,Int J Colorectal Dis,22:175-181,16786317,10.1007/s00384-006-0144-3,NR,"Dept of Surgery, University of Alexandria","Alexandria, Egypt",NR,40,20,60,S. mansoni,Comparative pathological series,p53 IHC; DCC; MLH1/MSH2 (MMR); MSI; stage III-IV; synchronous tumours; mucinous histology,G8-Alexandria,Separate species stratum (S. mansoni) - not pooled with S. japonicum,Eligible - S. mansoni stratum; full text not retrieved,PMID/DOI matched,Abstract only: p53 32/40 vs 8/20; synchronous 8/40 vs 1/20; mucinous 35% vs 10%; MSI 3/40 vs 1/20; age 34.5 vs 50.7 y,NR
Yang2023,Yang Y,2023,Clinicopathological characteristics and its association with digestive system tumors of 1111 patients with Schistosomiasis japonica,Sci Rep,NR,37704736,10.1038/s41598-023-42456-9,PMC10500003,Yijishan Hospital of Wannan Medical College + Chizhou People's Hospital,"Wuhu, Anhui",2015-01 to 2021-12,"298 CRC (158 colon, 140 rectal)","326 CRC (159 colon, 167 rectal)",624 CRC,S. japonicum,Retrospective pathology series,"Age, sex, differentiation in schistosomiasis-associated vs non-schistosomiasis tumours (multiple organs)",G2-Wuhu-Yijishan,Primary comparative (G2; LN metastasis and vascular invasion only),Included - CRC data separable; G2 overlap with WangZ2020,PMID/DOI/PMCID confirmed,Full text read 2026-10-05 (PMC10500003),Comparator frequency-sampled per year (not consecutive). Used only for outcomes not reported by WangZ2020.
WangM2016,Wang M,2016,Clinicopathological characteristics and prognosis of schistosomal colorectal cancer,Colorectal Dis,18:1005-1009,26922912,10.1111/codi.13317,NR,"West China Hospital, Sichuan University (verify)","Chengdu, Sichuan",2009-07 to 2012-07,74,NR,NR,S. japonicum (to verify),Retrospective SACC-only cohort,Egg deposition site; CEA; pT; pN; resection margin eggs; OS,G6-Chengdu-WestChina,Within-SACC prognostic,Eligible - within-SACC; full text not retrieved (Wiley),PMID/DOI matched,Abstract only (no HRs),NR
Pan2023,Pan W,2023,Presence of schistosome eggs in lymph node predict unfavorable prognosis in schistosomal colorectal cancer,Eur J Cancer Prev,32(6):566-574,37200090,10.1097/CEJ.0000000000000811,PMC10538618,"Department of Pathology, Zhongshan Hospital (main campus), Fudan University",Shanghai,2016-01 to 2018-12,172,0,NR,S. japonicum (to verify),Retrospective SACC-only cohort,Eggs in lymph nodes (83 patients); hepatic schistosomiasis; DFS; OS in stage III,G9-Shanghai-Zhongshan,Within-SACC prognostic,Included - within-SACC,PMID/DOI/PMCID confirmed,Full text read 2026-10-05 (PMC10538618),Not the Qingpu cohort: different campus and non-overlapping period (G3 ends 2016-08 at Qingpu). Consecutive SACC without distant metastases.
Liu2013,Liu W,2013,Schistosomiasis combined with colorectal carcinoma diagnosed based on endoscopic findings and clinicopathological characteristics: a report on 32 cases,Asian Pac J Cancer Prev,14(8):4839-4842,24083755,10.7314/APJCP.2013.14.8.4839,NR,"Digestive Endoscopy Center, West China Hospital, Sichuan University","Chengdu, Sichuan",2006-10 to 2012-10,32,NR,NR,S. japonicum (to verify),Case series,Endoscopic and clinicopathological description,Unknown,Within-SACC descriptive,Excluded from comparative synthesis (no comparator) - full text not retrieved,Citation matched; PMID/DOI as supplied by user and consistent with index,n from title,NR
Zhou_CT2012,Zhang W,2012,CT presentations of colorectal cancer with chronic schistosomiasis: a comparative study with pathological findings,Eur J Radiol,81(8):e835-e843,22658847,NR,NR,"Department of Radiology, Tongji Hospital, Tongji University",Shanghai,NR,130,NR,NR,S. japonicum (calcified ova),"Imaging-pathology correlation, SACC only",Multifocality (21/130 per summary); mucinous histology; calcification,NR,Within-SACC descriptive,Excluded (SACC-only imaging study) - full text not retrieved,PMID matched,summary-level,NR
Genomic2023,Yu D,2023,Genomic analysis of schistosomiasis-associated colorectal cancer reveals a unique mutational landscape and therapeutic implications,Genes Dis,10(3):657-659,37396536,10.1016/j.gendis.2022.05.026,PMC10308108,"Changzheng Hospital, Naval Medical University",Shanghai,2014-2020,30,NR,NR,S. japonicum (to verify),"Whole-exome sequencing, SACC tumours vs external sporadic-CRC data",TMB (median 1.61/Mb vs 2.03/Mb in sporadic CRC); MSI-L/MSS; recurrently mutated genes,NR,Molecular evidence table (external comparator - not poolable),Included - molecular map only (external comparator),PMID/DOI/PMCID matched,Full text read 2026-10-05 (PMC10308108),NR
XuSu1984,Xu Z,1984,Schistosoma japonicum and colorectal cancer: an epidemiological study in the People's Republic of China,Int J Cancer,34(3):315-318,6480152,10.1002/ijc.2910340305,NR,NR,NR,NR,NR,NR,NR,S. japonicum,Ecological / matched analysis,NR,NR,Epidemiological risk (separate),Excluded from phenotype synthesis; cited in Introduction,PMID/DOI matched,RR reported in abstract - verify before citing,NR
Qiu2005,Qiu DC,2005,"A matched, case-control study of the association between Schistosoma japonicum and liver and colon cancers, in rural China",Ann Trop Med Parasitol,99(1):47-52,15701255,NR,NR,NR,NR,NR,NR,NR,NR,S. japonicum,Matched case-control,NR,NR,Epidemiological risk (separate),Excluded from phenotype synthesis; cited in Introduction,PMID matched,NR,NR
LiuXF2023,Liu XF,2023,"The prevalence rate, mortality, and 5-year overall survival of Schistosoma japonicum patients with human malignancy",Front Oncol,NR,38125940,10.3389/fonc.2023.1288197,PMC10731309,"Jinshan Hospital, Fudan University",Shanghai (Jinshan),2018-01 to 2021-01,NR,NR,5866,S. japonicum,Hospital-based retrospective (all malignancies),NR,NR,Epidemiological / background,Excluded at full text (no CRC-specific SACC vs NSACC data),PMID/DOI/PMCID matched,Full text read 2026-10-05 (PMC10731309),NR
Feng2015,Feng H,2015,Comparison of non-schistosomal rectosigmoid cancer and schistosomal rectosigmoid cancer,World J Gastroenterol,21(23):7225-32,26109809,10.3748/wjg.v21.i23.7225,PMC4476884,"Shanghai Minimally Invasive Surgical Center, Ruijin Hospital, Shanghai Jiao Tong University",Shanghai,2009-10 to 2013-11,26,34,60,S. japonicum presumed (ova on microscopy),Retrospective comparative series (laparoscopic rectosigmoid resections),"Sex, age, CEA, CA19-9, CA-125, stage, differentiation, histology",G11-Shanghai-Ruijin,Primary comparative,Included (identified by PubMed search 2026-10-05),PMID/PMCID confirmed,Full text read 2026-10-05 (PMC HTML),Rectosigmoid only; control selection not described.
Wu2021,Wu C,2021,Relationship between salt-inducible kinase 2 (SIK2) and lymph node metastasis in colorectal cancer patients complicated with chronic schistosomiasis,Zhejiang Da Xue Xue Bao Yi Xue Ban,50(5):607-613,34986532,10.3724/zdxbyxb-2021-0157,PMC8732260,Wuhu Second People's Hospital,"Wuhu, Anhui",2015-06 to 2020-06,56,307,363,S. japonicum presumed (eggs on H&E),Retrospective cohort (surgical specimens),LN metastasis; differentiation; vascular and perineural invasion; depth; SIK2,G10-Wuhu-SecondPeoples,Primary comparative,Included (identified by PubMed search 2026-10-05),PMID/PMCID confirmed,"Full text read 2026-10-05 (PMC HTML, Chinese)",Same city as G2 (Yijishan) but a different hospital; small residual overlap possible.
Chai2026,Chai S,2026,The distinguished predictive value of CFIm25 in schistosomal and non-schistosomal colorectal cancer,Transl Cancer Res,15(8):638,42724732,10.21037/tcr-2026-0893,PMC13559566,"Qingpu Branch of Zhongshan Hospital, Fudan University",Shanghai (Qingpu),2008-01 to 2016-08,112,174,286,S. japonicum presumed (eggs on H&E),Retrospective cohort (TMA),CFIm25; OS,G3-Shanghai-Qingpu,Molecular evidence table,Included - biomarker only (G3 overlap; identified by PubMed search),PMID/PMCID confirmed,Full text read 2026-10-05,286 of the 351 G3 patients.
Chen2016,Chen Y,2016,[Expression difference of DNA mismatch repair gene hMLH1 and hMSH2 between schistosomiasis-associated colorectal cancer and sporadic colorectal cancer],Zhonghua Wei Chang Wai Ke Za Zhi,19(1):75-9,26797844,NR,NR,Zhejiang Cancer Hospital,"Hangzhou, Zhejiang",NR,80,258,NR,S. japonicum (to verify),Retrospective cohort (Chinese),"Age, platelets, WBC, differentiation, hMLH1/hMSH2",G13-Hangzhou-ZJCancer,Molecular evidence table,Potentially eligible - full text not retrieved (identified by PubMed search 2026-10-05),PMID confirmed,Abstract only,Requires CNKI/publisher access
YangDH2014,Yang DH,2014,[Relationship between multi-gene proteins in colorectal carcinoma complicated with chronic schistosomiasis: an immunohistochemical study by using tissue microarray techniques],Zhongguo Xue Xi Chong Bing Fang Zhi Za Zhi,26(4):405-9,25434139,NR,NR,NR,NR,NR,80,80,NR,S. japonicum (to verify),Comparative IHC study (Chinese),"p53, COX-2, Bax, c-myc",NR,Molecular evidence table,Potentially eligible - full text not retrieved (identified by PubMed search 2026-10-05),PMID confirmed,Abstract only,Requires CNKI/publisher access
Ruan2013,Ruan SL,2013,[Expression of vascular growth factors in intestinal tissues in colorectal carcinoma patients with schistosomiasis japonica],Zhongguo Xue Xi Chong Bing Fang Zhi Za Zhi,25(3):250-4,24024441,NR,NR,NR,NR,NR,30,30,NR,S. japonicum (to verify),Comparative expression study (Chinese),"PD-ECGF, VEGF",NR,Molecular evidence table,Potentially eligible - full text not retrieved (identified by PubMed search 2026-10-05),PMID confirmed,Abstract only,Requires CNKI/publisher access
YangXG2021,Yang XG,2021,[Expression and clinicopathological significance of Bcl-2 and Bax genes in colorectal cancer patients complicated with schistosomiasis],Zhongguo Xue Xi Chong Bing Fang Zhi Za Zhi,33(2):148-153,34008361,10.16250/j.32.1374.2020320,NR,First Affiliated Hospital of Dali University,"Dali, Yunnan",NR,30,30,NR,S. japonicum (to verify),Random samples of SACC and CRC (Chinese),"Bcl-2, Bax",NR,Molecular evidence table,Potentially eligible - full text not retrieved (identified by PubMed search 2026-10-05),PMID confirmed,Abstract only,Requires CNKI/publisher access
ZhangR1998,Zhang R,1998,p53 gene mutations in rectal cancer associated with schistosomiasis japonica in Chinese patients,Cancer Lett,131(2):215-21,9851256,10.1016/s0304-3835(98)00154-2,NR,NR,China,NR,22,22,NR,S. japonicum (to verify),Comparative mutation study (rectal cancer),TP53 mutation spectrum,NR,Molecular evidence table,Potentially eligible - full text not retrieved (identified by PubMed search 2026-10-05),PMID confirmed,Abstract only,Requires CNKI/publisher access
Zalata2005,Zalata KR,2005,"p53, Bcl-2 and C-Myc expressions in colorectal carcinoma associated with schistosomiasis in Egypt",Cell Oncol,27(4):245-53,16308474,10.1155/2005/547010,PMC4615168,Mansoura University (verify),Egypt,NR,NR,NR,NR,S. mansoni,Comparative IHC study,"p53, Bcl-2, c-Myc",NR,Separate species stratum (S. mansoni),Potentially eligible - full text not retrieved (identified by PubMed search 2026-10-05),PMID confirmed,Abstract only,PMC page behind a challenge; retry manually
