study_id,S1,S2,S3,S4,C1,O1,O2,O3,total,rating,justification
Zheng2023,1,1,1,1,2,1,0,0,7,low,"S1/S2: all pathology-registry CRC 2001-2021, same hospital; S3: calcified eggs on histology (reporting not compulsory -> possible under-ascertainment); S4: outcome absent at surgery; C1=2: stepwise multivariable Cox (DFS) entered stage, age and sex plus others, and PSM sensitivity analysis; O1: database/records; O2=0: follow-up duration not reported; O3=0: survival data for only 392/808 SACC and 6145/16155 NSACC ('many patients were lost to follow-up'). Borderline - heavy attrition"
WangZ2020,1,1,1,1,0,1,1,0,6,moderate,"S1/S2: all radically resected CRC at Yijishan Hospital 2012-2018; S3: eggs in tissue; C1=0: no adjusted SACC vs NSACC comparison (crude chi2/t-tests; KM only); O2=1: median follow-up 78 mo; O3=0: survival only for a 2012-2013 subset of 43 SACC and 57 NSACC (of ~69 and ~980 operated those years) - selection of followed patients undescribed"
WangW2020,1,1,1,1,1,1,1,0,7,low,"S1/S2: consecutive resected CRC at Qingpu Branch 2008-2016; S3: blinded review of all HE slides for ova; C1=1: multivariable Cox adjusted for TNM stage and sex (+LVI, LN>2) but not age (age imbalance: 96% vs 64% >=60); O1: records/telephone; O2=1: median follow-up 62.4 mo; O3=0: telephone follow-up, losses not reported; patients lacking complete information excluded"
Li2024,1,1,1,1,2,1,0,0,7,low,"S1/S2: all pathologically diagnosed CRC at Union Hospital Wuhan 2010-2019 (only 30 SACC); S3: eggs/granulomas/worms on histology; C1=2: multivariable Cox with sex, age, stage, site, grade and more (and PSM for NGS subset); O2=0: follow-up length not reported; O3=0: completeness not reported. Research letter with limited methods"
Zhu2024,1,1,1,1,0,1,0,0,5,moderate,"Cross-sectional comparison (no survival). S1/S2: all CRC Jan 2020-Aug 2022 Jingzhou Hospital; S3: pathologist review of HE slides; C1=0: crude chi-square only; O1: pathology; O2/O3=0 (cross-sectional). Several internal inconsistencies in Table 2 (LN, stage)"
Zhang2023,1,1,1,1,0,1,0,0,5,moderate,"Cross-sectional. S1/S2: all CRC 2020-2022 at the (Yangtze University-affiliated) hospital with preop CT+MRI; S3: postoperative pathology; C1=0: crude chi-square; O1: pathology for grade/LN/invasion, T category from imaging; O2/O3=0"
Yang2023,1,0,1,1,0,1,0,0,4,high,"Cross-sectional. S1: SACC = all pathologically confirmed schistosomiasis cases with colon/rectal adenocarcinoma 2015-2021 (two hospitals; includes biopsy/needle specimens); S2=0: controls 'almost the same number of patients each year' - selection method unspecified, not consecutive; S3: histology; C1=0; O2/O3=0. Denominator gaps in colon LN/thrombus data"
Wu2021,1,1,1,1,0,1,0,0,5,moderate,"Cross-sectional (SIK2 lab study). S1/S2: all operated CRC at Wuhu Second People's Hospital Jun 2015-Jun 2020; S3: HE detection of ova; C1=0: crude chi-square; O1: pathology; O2/O3=0"
Feng2015,1,0,1,1,0,1,0,0,4,high,"Cross-sectional. S1: 26 consecutive rectosigmoid SACC undergoing laparoscopic resection 2009-2013; S2=0: 34 controls 'selected' from same period, selection method not described; S3: ova by microscopy (tissue or stool); C1=0; O2/O3=0. Rectosigmoid only"
WangM2014,1,1,0,1,2,1,1,1,8,low,"S1: 33 consecutive SACC rectal cancers (laparoscopic TME, 2009); S2: controls from same hospital database; S3=0: method of diagnosing schistosomiasis not described; C1=2: 1:1 matching on age, sex and pTNM stage + multivariable Cox; O1: scheduled follow-up/records; O2=1: median 49.8 mo; O3=1: 3/33 (9%) SACC lost to follow-up, described (excluded)"
Ge2023,1,1,1,1,2,1,0,0,7,low,"S1/S2: all CRC resected at Xiangya Hospital 2014-2019 (94 SACC; 6025 NSACC); S3: eggs on pathology; C1=2: survival compared in 1:1 PSM cohort matched on sex, age, location, year, TNM stage, chemotherapy (but clinicopathological comparisons in unmatched cohort are crude); O1: outpatient/telephone follow-up; O2=0: median follow-up not reported (to Aug 2022 after 2014-2019 surgery; authors note short follow-up for some); O3=0: losses not reported. Preprint"
