study_id,outcome,hr,lower95,upper95,adjusted,covariates,n_SACC,n_NSACC,source_location,notes
Zheng2023,DFS,1.575,1.280,1.938,no,,392,6145,Results text (DFS and OS); Suppl Table S6 univariate,"Univariate Cox; KM log-rank P<0.001"
Zheng2023,DFS,1.098,0.774,1.557,yes,"Forward stepwise LR multivariable Cox incl. sex, age>=60, CEA, CA19-9, palliative/extended resection, preop targeted, gross appearance, differentiation, pT, pN, M, pTNM, BRAF, tumor deposit, vascular/perineural invasion, budding, margin, postop RT/CT/targeted",392,6145,Suppl Table S6 (multivariate DFS),"P=0.601; overall CRC analysis n=6537"
Zheng2023,OS,1.211,0.972,1.509,no,,392,6145,Results text; Suppl Table S6 univariate,"P=0.089; not retained in multivariable OS model (no adjusted HR reported)"
WangZ2020,OS,,,,no,,43,57,Results (Survival time comparison); Table V; Fig 6,"No SACC vs NSACC HR reported. Follow-up subset (patients treated Jan 2012-Dec 2013): 43 SACC vs 57 NSACC; deaths 18 vs 21; 5-y OS 68.9% vs 46.4%; log-rank P=0.026 (favours SACC); median follow-up 78 mo (16-90)"
WangW2020,OS,1.399,1.009,1.940,no,,137,214,Table 2 (Univariate - all patients),"P=0.044; KM log-rank P=0.0277; median OS 80.82 vs 119.20 mo; median follow-up 62.4 mo; OS defined as death caused by CRC (i.e. cancer-specific)"
WangW2020,OS,1.458,1.049,2.027,yes,"Backward stepwise Cox; retained gender, TNM stage, lymphovascular invasion, >2 positive lymph nodes",137,214,Table 2 (Multivariate - all patients); Discussion,"P=0.025"
WangW2020,OS (stage I-II subgroup),1.225,0.703,2.132,no,,76,116,Table 2 (Univariate - stage I-II),"P=0.474; log-rank P=0.5018; not retained in multivariable model"
WangW2020,OS (stage III-IV subgroup),1.699,1.128,2.560,no,,61,98,Table 2 (Univariate - stage III-IV),"P=0.011; log-rank P=0.0260"
WangW2020,OS (stage III-IV subgroup),1.743,1.153,2.635,yes,"Gender, pT stage, differentiation, >2 positive LNs",61,98,Table 2 (Multivariate - stage III-IV),"P=0.008"
WangW2020,OS (LN-positive subgroup),1.674,1.087,2.577,no,,56,88,Table 2 (Univariate - LNM),"P=0.019; log-rank P=0.0249"
WangW2020,OS (LN-positive subgroup),1.648,1.070,2.538,yes,"Gender, pT stage, >2 positive LNs",56,88,Table 2 (Multivariate - LNM),"P=0.023"
WangW2020,OS (LN-negative subgroup),1.229,0.738,2.049,no,,81,126,Table 2 (Univariate - without LNM),"P=0.428; log-rank P=0.4005"
Li2024,OS,2.689,1.416,5.108,no,,30,459,Main text; Suppl Table 2 (univariate),"P=0.003; KM log-rank chi2=9.908 P=0.002; mean survival 51.9 vs 65.3 mo; follow-up duration not reported"
Li2024,OS,2.507,1.275,4.932,yes,"Sex, age group, tumour site, differentiation, stage, tumour size, vascular tumour embolus, neural invasion, radiotherapy, chemotherapy",30,459,Main text; Suppl Table 2 (multivariate),"P=0.008"
Li2024,DFS,2.062,1.098,3.873,no,,30,459,Main text; Suppl Table 3 (univariate),"P=0.024; KM chi2=5.298 P=0.021"
Li2024,DFS,1.849,0.956,3.575,yes,"Same covariates as OS model",30,459,Main text; Suppl Table 3 (multivariate),"P=0.068"
WangM2014,DFS,3.147,1.359,7.290,yes,"Cohort matched 1:1 on age, sex, pTNM stage; multivariable Cox also included pathologic N stage and TNM stage",30,30,Table 3,"P=0.007; univariate log-rank P=0.057 (4-y DFS 46.7% vs 70.0%); median follow-up 49.8 mo (10-66); rectal cancer, laparoscopic TME"
WangM2014,OS,3.661,1.458,9.193,yes,"Matched on age, sex, pTNM stage; multivariable Cox also included pT stage, pN stage and TNM stage",30,30,Table 3,"P=0.006; log-rank P=0.026 (4-y OS 63.3% vs 86.7%)"
Ge2023,OS,,,,no,,94,94,Results (Statistical analysis of prognostic data); Fig 4,"No HR reported. PSM-matched cohort (matched on sex, age, location, year of surgery, TNM stage, preoperative chemotherapy): deaths 35/94 (SACC) vs 18/94 (NSACC); log-rank P=0.005; follow-up to Aug 2022 (surgery 2014-2019), median follow-up not reported. No survival data for the unmatched 6025. Authors' claim of 'independent risk factor' is not supported by any multivariable model"
Pan2020,OS,1.402,1.014,1.940,no,,138,216,Table 2 (Univariate - all patients),"P=0.041; not retained in multivariable model for full cohort. SAME Qingpu cohort as WangW2020 (354 vs 351 pts, Jan 2008-Aug 2016) - do not pool with WangW2020. Deaths 66/138 vs 82/216"
Pan2020,OS (stage III-IV subgroup),1.701,1.128,2.565,yes,"Gender, invasive depth, differentiation, c-MYC amplification",n/a,n/a,Table 2 (Multivariate - stage III-IV),"P=0.011; univariate 1.627 (1.080-2.452) P=0.020; subgroup n=161 total. Overlaps WangW2020"
Pan2020,OS (LN-positive subgroup),1.634,1.064,2.510,yes,"Gender, invasive depth, c-MYC amplification",n/a,n/a,Table 2 (Multivariate - LNM),"P=0.025; univariate 1.663 (1.083-2.555); subgroup n=146 total. Overlaps WangW2020"
Pan2022,OS,1.422,1.017,1.990,no,,131,207,Table 3 (Univariate - all patients),"P=0.04. Qingpu cohort (Jan 2008-Aug 2016) overlapping WangW2020/Pan2020 - do not pool together; median follow-up 51.3 mo"
Pan2022,OS,1.513,1.077,2.125,yes,"Gender, differentiation, invasive depth, clinical stage, vessel invasion (MET FISH also entered)",131,207,Table 3 (Multivariate - all patients),"P=0.017. Overlaps WangW2020/Pan2020"
WangW2021,OS,1.388,0.994,1.940,no,,128,210,Table 3 (Univariate),"P=0.048 reported although CI includes 1 (internal inconsistency). Qingpu cohort overlapping WangW2020/Pan2020/Pan2022 - do not pool together; OS = CRC death"
WangW2021,OS,1.424,1.016,1.996,yes,"Backward stepwise: gender, TNM stage, tumour deposit, CD8+ TIL density",128,210,Table 3 (Multivariate),"P=0.042. Overlaps WangW2020"
WangW2023,OS,1.390,1.001,1.929,no,,126,188,Table 3 (Univariate - all patients N=314),"P=0.049; not retained in multivariable model. Qingpu cohort overlapping WangW2020/Pan2020/Pan2022/WangW2021 - do not pool together; OS = CRC death"
Cheng2023,OS,1.399,1.009,1.940,no,,137,214,Table 4 (Univariate - all patients),"P=0.044; identical to WangW2020 univariate HR (same 351-patient Qingpu cohort) - do not pool together"
Cheng2023,OS,1.404,1.007,1.958,yes,"Forward/backward stepwise: gender, pT stage, TNM stage, stromal CD4, intratumoral CD8, tumour deposit",137,214,Table 4 (Multivariate - all patients),"P=0.045. Same cohort as WangW2020"
Chai2026,OS,1.414,0.982,2.036,no,,112,174,Table 2 (Univariate - all patients),"P=0.048 reported though CI includes 1; KM log-rank P=0.03; deaths 51/112 vs 64/174; not retained in multivariable model for whole cohort. Qingpu cohort subset (286 of the 351 WangW2020 patients) - do not pool with WangW2020; OS = CRC death"
Chai2026,OS (stage III-IV subgroup),1.759,1.095,2.827,yes,"Gender, >2 positive LNs, CFIm25",n/a,n/a,Table 2 (Multivariate - stage III-IV; n=129),"P=0.02; univariate 1.837 (1.145-2.946) P=0.01"
Chai2026,OS (LN-positive subgroup),1.752,1.059,2.900,yes,"Gender, >2 positive LNs, CFIm25",n/a,n/a,Table 2 (Multivariate - LNM; n=117),"P=0.02; univariate 1.821 (1.103-3.007)"
Chai2026,OS (stage I-II subgroup),1.129,0.618,2.061,no,,n/a,n/a,Table 2 (Univariate - stage I-II; n=157),P=0.69
Chai2026,OS (LN-negative subgroup),1.111,0.638,1.934,no,,n/a,n/a,Table 2 (Univariate - without LNM; n=169),P=0.71
