"outcome","analysis","k","n_SACC","n_NSACC","measure","estimate","lower95","upper95","p_value","I2","tau2","Q","Q_p","fixed_estimate","fixed_lower95","fixed_upper95","certainty_GRADE"
"Male sex","primary",9,1910,43092,"OR",1.38370099965718,1.2505136463448,1.53107362086664,3.18948166985009e-10,0,0,1.49146739973425,0.992848626078073,1.38370099965718,1.2505136463448,1.53107362086664,"[TO BE ASSESSED]"
"Rectal location","primary",6,1407,39771,"OR",1.1671157490527,1.03864477783487,1.31147741822412,0.00939829229095415,2.32879094430445,0.000673227918207938,2.74388976069087,0.739397943022314,1.17205056646126,1.04789238097307,1.31091947540122,"[TO BE ASSESSED]"
"Right-sided colon","primary",6,1407,39771,"OR",0.833155409576917,0.66449152060393,1.04463023979057,0.113733516168079,49.6786845182438,0.036063438383476,9.86899776299183,0.0790333825249386,0.888364578187479,0.775876852920555,1.0171609332171,"[TO BE ASSESSED]"
"Stage III-IV","primary",5,1054,22561,"OR",0.771837643775238,0.557277677944974,1.06900629959798,0.119133966478484,61.0723819308971,0.0719542380999926,11.2439234093099,0.023955195474849,0.815215778497823,0.715890564587313,0.928321727350769,"[TO BE ASSESSED]"
"pT3-T4","primary",5,1293,19295,"OR",0.951380939303693,0.695586230191114,1.30124153179641,0.755088450189777,68.8060645156403,0.0759295799775392,11.5375492567023,0.0211428274629641,0.886123517883634,0.774885535684598,1.01333016656808,"[TO BE ASSESSED]"
"Lymph-node metastasis","primary",5,1240,16371,"OR",0.966574352797589,0.759002027712167,1.23091368056315,0.782837327885586,49.1330830302896,0.0353441143889387,8.14329520995775,0.0864679141299697,0.886892496656828,0.779302162391866,1.00933673558916,"[TO BE ASSESSED]"
"Distant metastasis","primary",4,958,22673,"OR",0.809671684011383,0.580948697240742,1.12844428260791,0.212576331968529,11.8997539664752,0.0253362520188071,3.9275212949583,0.269397629004432,0.802317949340154,0.656008581420036,0.981258645184133,"[TO BE ASSESSED]"
"Poor differentiation","primary",8,1405,19461,"OR",0.716785032297363,0.376491525945975,1.36465430725062,0.310780909424645,85.358986015408,0.630016763556052,41.993659463361,5.21460242681698e-07,1.04419114921358,0.882991017427247,1.2348202128634,"[TO BE ASSESSED]"
"Vascular invasion","primary",5,1184,17554,"OR",0.877295738894552,0.695640516760968,1.10638727178538,0.268769820000149,17.3168374475338,0.0127090508559071,4.33738521170594,0.362267086855334,0.850982210751769,0.697775798162258,1.03782722892257,"[TO BE ASSESSED]"
"Perineural invasion","primary",5,1132,17375,"OR",0.954417017635441,0.773120921713737,1.1782268697799,0.664245075624225,5.92724275846794,0.00468895041656407,5.13778221339158,0.273450086318211,0.944777119105004,0.781385449016533,1.14233481812056,"[TO BE ASSESSED]"
"Tumour budding","primary",2,945,16369,"OR",0.747742236843999,0.345897662318066,1.61642738205711,0.459868300346397,89.9584002218442,0.279535704630981,9.95857255907941,0.00160102140406,0.594033196106356,0.493085424446465,0.715647676003542,"[TO BE ASSESSED]"
"KRAS mutation","primary",2,509,9973,"OR",1.41061717416999,1.17980231171036,1.68658833120835,0.000160862848094036,0,0,0.43576578929782,0.509173240676571,1.41061717416999,1.17980231171036,1.68658833120835,"[TO BE ASSESSED]"
"Age > 60 years","primary",5,609,9989,"OR",3.03176017884026,1.24770119192498,7.36680371990395,0.0143450881297514,92.8372201044769,0.923553341880879,33.1403900429721,1.11797558713658e-06,2.30286773956707,1.87125600798874,2.83403222397064,"[TO BE ASSESSED]"
"Sigmoid location","primary",3,442,9316,"OR",0.924740383501424,0.724823399404785,1.17979742042075,0.52898083972915,0,0,0.627206629413674,0.730808871798825,0.924740383501424,0.724823399404785,1.17979742042075,"[TO BE ASSESSED]"
"Tumour size >= 5 cm","primary",2,167,673,"OR",1.00430350326799,0.69071576037711,1.46026134704916,0.982061071392709,0,0,0.00616198208659265,0.937431687604335,1.00430350326799,0.69071576037711,1.46026134704916,"[TO BE ASSESSED]"
"Mucinous histology","primary",4,280,676,"OR",1.18091235956467,0.450868319108377,3.09304056610238,0.734996917305088,64.0503285780725,0.554290141025954,7.7264780182644,0.0520161004210546,1.1970491055996,0.733382401308906,1.95386003080984,"[TO BE ASSESSED]"
"age","primary",5,1218,39296,"MD",3.31972574972428,-0.997976302285816,7.63742780173438,0.131824554345409,96.5195857910506,20.4698678010623,36.4822921588658,2.30251172753652e-07,6.44121565628605,5.90571125826458,6.97672005430752,"[TO BE ASSESSED]"
"OS - Adjusted","primary",3,197,703,"HR",2.09863222304254,1.22303200057471,3.60109727752249,0.00712854532035631,57.1747281361035,0.130151830773481,4.7338848007397,0.0937669903295597,1.74633741650583,1.31735034175451,2.31502150614432,"[TO BE ASSESSED]"
"OS - Unadjusted","primary",6,1126,9686,"HR",1.3236585846549,0.889538280260519,1.96964210266193,0.166744719348354,89.0628101886106,0.198127030378135,19.3176769680688,0.0016770293023496,1.22624636087629,1.10117280563358,1.36552603721191,"[TO BE ASSESSED]"
"DFS - Adjusted","primary",3,452,6634,"HR",1.68866917524377,0.929087954213037,3.06925040894956,0.085670708461065,66.5469737496895,0.182967082254543,6.10019284761288,0.0473543580835361,1.37648504071499,1.0301528492943,1.83925236785018,"[TO BE ASSESSED]"
"DFS - Unadjusted","primary",2,422,6604,"HR",1.61700952382951,1.32786488436489,1.96911585730045,1.74293254069704e-06,0,0,0.633368442242296,0.42612243258335,1.61700952382951,1.32786488436489,1.96911585730045,"[TO BE ASSESSED]"
