"biomarker","total_SACC","total_NSACC","k","pooled"
"BRAF mutation",478,9378,1,"Not pooled (k < 2)"
"Bcl-2 positive (S. mansoni)",24,45,1,"Not pooled (k < 2)"
"CD20 rich",126,188,1,"Not pooled (k < 2)"
"CD3 rich",126,188,1,"Not pooled (k < 2)"
"CFIm25 high",112,174,1,"Not pooled (k < 2)"
"DCC loss (S. mansoni)",40,20,1,"Not pooled (k < 2)"
"Intratumoral CD4 high",137,214,1,"Not pooled (k < 2)"
"Intratumoral CD8 high",137,214,1,"Not pooled (k < 2)"
"Intratumoral TILs rich",126,188,1,"Not pooled (k < 2)"
"KRAS G12S/D mutation",30,459,1,"Not pooled (k < 2)"
"KRAS mutation",509,9973,2,"OR 1.41 (1.18-1.69); I2 0%"
"MET FISH-positive",131,207,1,"Not pooled (k < 2)"
"MMR protein loss (MLH1/MSH2) (S. mansoni)",40,20,1,"Not pooled (k < 2)"
"MSI-L/MSS",30,NA,1,"Not pooled (k < 2)"
"NRAS mutation",266,6341,1,"Not pooled (k < 2)"
"PIK3CA mutation",207,4511,1,"Not pooled (k < 2)"
"Stromal CD4 high",137,214,1,"Not pooled (k < 2)"
"Stromal CD8 high",137,214,1,"Not pooled (k < 2)"
"Stromal PD-L1 positive",128,210,1,"Not pooled (k < 2)"
"Stromal TILs rich",126,188,1,"Not pooled (k < 2)"
"TP53 mutation (exons 5-8)",22,22,1,"Not pooled (k < 2)"
"Tumour mutational burden",30,NA,1,"Not pooled (k < 2)"
"Tumoural PD-L1 positive",128,210,1,"Not pooled (k < 2)"
"c-MYC amplification",138,216,1,"Not pooled (k < 2)"
"c-MYC protein overexpression",138,216,1,"Not pooled (k < 2)"
"c-Myc positive (S. mansoni)",23,44,1,"Not pooled (k < 2)"
"dMMR",452,7820,1,"Not pooled (k < 2)"
"p53 IHC positive",22,22,1,"Not pooled (k < 2)"
"p53 IHC positive (S. mansoni)",40,20,1,"Not pooled (k < 2)"
"p53 diffuse positive (S. mansoni)",24,45,1,"Not pooled (k < 2)"
